Type,Module,Name,Documented,Documentation Files,Suggested Doc Path
Class,trim.account.apps,AccountConfig,No,,docs/trim/account/apps.md
Class,trim.account.forms,EmailChangeToken,No,,docs/trim/account/forms.md
Class,trim.account.models,Account,Yes,account.md; urls/functions.md; urls/readme.md; old/views.md; old/old r.md; old/urls/path_include.md,docs/trim/account/models.md
Class,trim.account.models,AccountEmail,No,,docs/trim/account/models.md
Class,trim.account.models,EmailInvite,No,,docs/trim/account/models.md
Class,trim.account.models,ForgotPasswordRecord,No,,docs/trim/account/models.md
Function,trim.account.signals,create_user_account,No,,docs/trim/account/signals.md
Class,trim.account.views.account,PasswordChangeView,No,,docs/trim/account/views/account.md
Class,trim.account.views.account,PasswordResetView,No,,docs/trim/account/views/account.md
Class,trim.account.views.account,ProfileForgotPasswordSuccessView,No,,docs/trim/account/views/account.md
Class,trim.account.views.account,ProfileInactiveAccount,No,,docs/trim/account/views/account.md
Class,trim.account.views.account,ProfileLogin,No,,docs/trim/account/views/account.md
Class,trim.account.views.account,ProfileLogout,No,,docs/trim/account/views/account.md
Class,trim.account.views.account,ProfilePasswordUpdateView,No,,docs/trim/account/views/account.md
Function,trim.account.views.account,logout_view,No,,docs/trim/account/views/account.md
Class,trim.account.views.email,VerifiedEmailUpdateView,No,,docs/trim/account/views/email.md
Class,trim.account.views.email,VerifyEmailTokenView,No,,docs/trim/account/views/email.md
Class,trim.account.views.invite,EmailInviteCreateView,No,,docs/trim/account/views/invite.md
Class,trim.account.views.invite,EmailInviteListView,No,,docs/trim/account/views/invite.md
Class,trim.account.views.profile,ProfileEmailUpdateView,No,,docs/trim/account/views/profile.md
Class,trim.account.views.profile,ProfileNewAccount,No,,docs/trim/account/views/profile.md
Class,trim.account.views.profile,ProfileUpdateView,No,,docs/trim/account/views/profile.md
Class,trim.account.views.profile,ProfileUsernameUpdateView,No,,docs/trim/account/views/profile.md
Class,trim.account.views.profile,ProfileView,Yes,old/urls.md,docs/trim/account/views/profile.md
Function,trim.admin,register,Yes,README-3.md; trim-beacon.md; readme.md; README-4.md; README-2.md; admin.md; models/auto_model_mixin.md; research/trim-beacon.md,docs/trim/admin.md
Function,trim.admin,register_models,Yes,README-4.md; README-2.md; admin.md,docs/trim/admin.md
Class,trim.apps,ShortConfig,No,,docs/trim/apps.md
Function,trim.apps,live_import,Yes,apps.md,docs/trim/apps.md
Function,trim.apps,silent_import_package_module,No,,docs/trim/apps.md
Class,trim.cli.base,AppActions,No,,docs/trim/cli/base.md
Class,trim.cli.base,AppArgument,No,,docs/trim/cli/base.md
Class,trim.cli.base,AppFunction,No,,docs/trim/cli/base.md
Class,trim.cli.base,ConfigMixin,No,,docs/trim/cli/base.md
Class,trim.cli.base,Help,Yes,markdown.md; models/fields-auto.md; old/readme-short.md,docs/trim/cli/base.md
Class,trim.cli.base,NoPosition,No,,docs/trim/cli/base.md
Class,trim.cli.base,SubHelpFormatter,No,,docs/trim/cli/base.md
Function,trim.cli.base,get_subactions,No,,docs/trim/cli/base.md
Function,trim.cli.base,print_help,No,,docs/trim/cli/base.md
Function,trim.cli.base,print_sub_help,No,,docs/trim/cli/base.md
Class,trim.cli.primary,DefaultHelp,No,,docs/trim/cli/primary.md
Class,trim.cli.primary,GraphApps,No,,docs/trim/cli/primary.md
Class,trim.cli.primary,Help,Yes,markdown.md; models/fields-auto.md; old/readme-short.md,docs/trim/cli/primary.md
Class,trim.cli.primary,ScriptInstall,No,,docs/trim/cli/primary.md
Class,trim.cli.primary,Scripts,Yes,old/notes.md; research/trim bundle.md; research/trim-scripts.md,docs/trim/cli/primary.md
Class,trim.cli.primary,ScriptsAdd,No,,docs/trim/cli/primary.md
Class,trim.cli.primary,ScriptsAddFilenameArg,No,,docs/trim/cli/primary.md
Class,trim.cli.primary,StepExecute,No,,docs/trim/cli/primary.md
Class,trim.cli.primary,TrimAdminApp,No,,docs/trim/cli/primary.md
Class,trim.cli.primary,TrimApp,No,,docs/trim/cli/primary.md
Class,trim.cli.primary,VerboseSwitch,No,,docs/trim/cli/primary.md
Class,trim.cli.primary,VersionSwitch,No,,docs/trim/cli/primary.md
Function,trim.cli.primary,main,Yes,models/auto_model_mixin.md; old/views.md; research/trim-docs.md,docs/trim/cli/primary.md
Function,trim.cli.primary,main_admin,No,,docs/trim/cli/primary.md
Function,trim.cli.run,inj,No,,docs/trim/cli/run.md
Function,trim.cli.run,main,Yes,models/auto_model_mixin.md; old/views.md; research/trim-docs.md,docs/trim/cli/run.md
Function,trim.cli.run,read_one_stream_command,Yes,readme.md; execute.md,docs/trim/cli/run.md
Function,trim.cli.run,run_command,No,,docs/trim/cli/run.md
Function,trim.cli.run,run_command2,No,,docs/trim/cli/run.md
Function,trim.cli.run,run_poll_command,No,,docs/trim/cli/run.md
Function,trim.cli.run,subcall_stream,No,,docs/trim/cli/run.md
Function,trim.cli.run,test_entry_point,No,,docs/trim/cli/run.md
Class,trim.conf,LiveConfigure,No,,docs/trim/conf.md
Function,trim.context,appname,Yes,old/views.md; research/themes.md; templates/tags/link/readme.md,docs/trim/context.md
Function,trim.cuts,get_model,Yes,models/live.md,docs/trim/cuts.md
Function,trim.execute,clean,Yes,README-4.md; README-2.md; old/views.md; old/readme-short.md; recipes/listview.md; research/trim bundle.md,docs/trim/execute.md
Function,trim.execute,proc_wait,No,,docs/trim/execute.md
Function,trim.execute,read_one_stream_command,Yes,readme.md; execute.md,docs/trim/execute.md
Class,trim.forms.demo,AllFieldsForm,Yes,forms/readme.md; forms/all-fields-form.md,docs/trim/forms/demo.md
Function,trim.forms.fields,boolean,Yes,models/fields.md; models/fields-auto.md; old/models.md; old/old r.md; forms/readme.md; forms/all-fields-form.md,docs/trim/forms/fields.md
Function,trim.forms.fields,boolean_false,Yes,models/fields-auto.md; forms/all-fields-form.md,docs/trim/forms/fields.md
Function,trim.forms.fields,boolean_true,Yes,models/fields-auto.md; forms/all-fields-form.md,docs/trim/forms/fields.md
Function,trim.forms.fields,chars,Yes,README-4.md; README-2.md; models/fields-auto-template.md; models/fields.md; models/readme.md; models/fields-auto.md; widgets/hidden.md; old/models.md; old/views.md; old/old r.md; forms/quickforms.md; forms/readme.md; forms/all-fields-form.md; templates/tags/quickform.md; templates/tags/link/readme.md,docs/trim/forms/fields.md
Function,trim.forms.fields,choice,Yes,execute.md; forms/all-fields-form.md; templates/tags/link/readme.md,docs/trim/forms/fields.md
Function,trim.forms.fields,combo,Yes,forms/all-fields-form.md,docs/trim/forms/fields.md
Function,trim.forms.fields,date,Yes,models/fields.md; models/fields-auto.md; old/models.md; old/old r.md; forms/all-fields-form.md; recipes/todo-list.md,docs/trim/forms/fields.md
Function,trim.forms.fields,datetime,Yes,trim-beacon.md; models/fields.md; models/fields-auto.md; old/models.md; old/old r.md; forms/all-fields-form.md; research/trim-beacon.md,docs/trim/forms/fields.md
Function,trim.forms.fields,decimal,Yes,models/fields.md; models/fields-auto.md; old/models.md; forms/all-fields-form.md,docs/trim/forms/fields.md
Function,trim.forms.fields,duration,Yes,models/fields.md; models/fields-auto.md; old/models.md; forms/all-fields-form.md,docs/trim/forms/fields.md
Function,trim.forms.fields,email,Yes,account.md; README-4.md; README-2.md; models/fields-auto-template.md; models/fields.md; models/readme.md; models/fields-auto.md; old/models.md; old/old r.md; forms/readme.md; forms/all-fields-form.md; templates/tags/quickform.md,docs/trim/forms/fields.md
Function,trim.forms.fields,file,Yes,README-3.md; apps.md; trim-beacon.md; markdown.md; README-4.md; theming/readme.md; urls/functions.md; urls/readme.md; models/fields.md; models/fields-auto.md; old/models.md; old/readme-short.md; forms/all-fields-form.md; views/files-up-down.md; research/trim-docs.md; research/trim more.md; research/themes.md; research/trim bundle.md; research/trim-scripts.md; templates/tags/css-js-tag.md,docs/trim/forms/fields.md
Function,trim.forms.fields,file_path,Yes,forms/all-fields-form.md,docs/trim/forms/fields.md
Function,trim.forms.fields,files,Yes,README-3.md; apps.md; readme.md; README-4.md; theming/readme.md; urls/readme.md; models/fields.md; old/models.md; old/urls.md; old/views.md; forms/all-fields-form.md; research/trim-docs.md; templates/tags/css-js-tag.md,docs/trim/forms/fields.md
Function,trim.forms.fields,float,Yes,models/fields-auto.md; forms/all-fields-form.md,docs/trim/forms/fields.md
Function,trim.forms.fields,generic_ip_address,Yes,forms/all-fields-form.md,docs/trim/forms/fields.md
Function,trim.forms.fields,hidden,Yes,readme.md; widgets/hidden.md; forms/quickforms.md; forms/all-fields-form.md; templates/tags/quickform.md; frontend/js/toggle-links.md,docs/trim/forms/fields.md
Function,trim.forms.fields,hidden_chars,Yes,widgets/hidden.md; forms/all-fields-form.md,docs/trim/forms/fields.md
Function,trim.forms.fields,image,Yes,models/fields.md; models/fields-auto.md; old/models.md; forms/all-fields-form.md; research/trim-docs.md; templates/tags/wrap-slots.md,docs/trim/forms/fields.md
Function,trim.forms.fields,integer,Yes,models/fields.md; models/fields-auto.md; old/models.md; forms/all-fields-form.md,docs/trim/forms/fields.md
Function,trim.forms.fields,json,Yes,README-3.md; README-4.md; README-2.md; urls/functions.md; models/fields.md; models/fields-auto.md; old/models.md; old/urls.md; old/old r.md; forms/all-fields-form.md; views/readme.md; views/serialized.md; research/trim-beacon.md; research/trim bundle.md,docs/trim/forms/fields.md
Function,trim.forms.fields,modelchoice,Yes,forms/all-fields-form.md,docs/trim/forms/fields.md
Function,trim.forms.fields,multi_value,Yes,forms/all-fields-form.md,docs/trim/forms/fields.md
Function,trim.forms.fields,multiple_choice,Yes,forms/all-fields-form.md,docs/trim/forms/fields.md
Function,trim.forms.fields,null_boolean,Yes,forms/all-fields-form.md,docs/trim/forms/fields.md
Function,trim.forms.fields,password,Yes,forms/all-fields-form.md,docs/trim/forms/fields.md
Function,trim.forms.fields,regex,Yes,forms/all-fields-form.md; research/trim-docs.md,docs/trim/forms/fields.md
Function,trim.forms.fields,slug,Yes,urls/readme.md; models/fields.md; models/fields-auto.md; old/models.md; forms/quickforms.md; forms/all-fields-form.md; research/trim-docs.md,docs/trim/forms/fields.md
Function,trim.forms.fields,split_datetime,Yes,forms/all-fields-form.md,docs/trim/forms/fields.md
Function,trim.forms.fields,text,Yes,readme.md; README-4.md; README-2.md; models/fields-auto-template.md; models/fields.md; models/readme.md; models/fields-auto.md; old/models.md; old/old r.md; old/readme-short.md; forms/quickforms.md; forms/readme.md; forms/all-fields-form.md; research/trim-beacon.md; templates/tags/css-js-tag.md; templates/tags/strings.md; templates/tags/wrap.md; templates/tags/link/readme.md; frontend/js/toggle-links.md,docs/trim/forms/fields.md
Function,trim.forms.fields,time,Yes,README-3.md; apps.md; trim-beacon.md; README-4.md; models/fields.md; models/fields-auto.md; old/models.md; forms/all-fields-form.md; research/trim-beacon.md,docs/trim/forms/fields.md
Function,trim.forms.fields,typed_choice,Yes,forms/all-fields-form.md,docs/trim/forms/fields.md
Function,trim.forms.fields,typed_multiple_choice,Yes,forms/all-fields-form.md,docs/trim/forms/fields.md
Function,trim.forms.fields,url,Yes,README-3.md; account.md; README-4.md; urls/functions.md; urls/readme.md; models/fields.md; models/fields-auto.md; old/models.md; old/urls.md; old/views.md; old/old r.md; old/Custom 404.md; old/readme-short.md; forms/quickforms.md; forms/all-fields-form.md; views/list-views.md; views/files-up-down.md; recipes/todo-list.md; recipes/listview.md; research/trim-docs.md; research/trim-beacon.md; templates/tags/css-js-tag.md; templates/tags/updated-params.md; templates/tags/quickform.md; templates/tags/link/readme.md; old/urls/as_templates.md,docs/trim/forms/fields.md
Function,trim.forms.fields,uuid,Yes,models/fields.md; models/fields-auto.md; old/models.md; forms/all-fields-form.md; views/files-up-down.md,docs/trim/forms/fields.md
Class,trim.forms.list,ListForm,Yes,views/list-views.md,docs/trim/forms/list.md
Class,trim.forms.upload,FileChunkForm,No,,docs/trim/forms/upload.md
Class,trim.forms.upload,FileForm,No,,docs/trim/forms/upload.md
Class,trim.forms.upload,FilesForm,No,,docs/trim/forms/upload.md
Class,trim.forms.upload,MergeConfirmForm,No,,docs/trim/forms/upload.md
Function,trim.forms.upload,file_upload_loc,No,,docs/trim/forms/upload.md
Class,trim.forms.widgets,MultipleFileInput,No,,docs/trim/forms/widgets.md
Function,trim.forms.widgets,base,Yes,markdown.md; theming/readme.md; research/themes.md; research/trim bundle.md,docs/trim/forms/widgets.md
Function,trim.forms.widgets,checkbox,No,,docs/trim/forms/widgets.md
Function,trim.forms.widgets,checkboxes,No,,docs/trim/forms/widgets.md
Function,trim.forms.widgets,choice,Yes,execute.md; forms/all-fields-form.md; templates/tags/link/readme.md,docs/trim/forms/widgets.md
Function,trim.forms.widgets,clearable_file_input,No,,docs/trim/forms/widgets.md
Function,trim.forms.widgets,date,Yes,models/fields.md; models/fields-auto.md; old/models.md; old/old r.md; forms/all-fields-form.md; recipes/todo-list.md,docs/trim/forms/widgets.md
Function,trim.forms.widgets,date_time,No,,docs/trim/forms/widgets.md
Function,trim.forms.widgets,date_time_base,No,,docs/trim/forms/widgets.md
Function,trim.forms.widgets,email,Yes,account.md; README-4.md; README-2.md; models/fields-auto-template.md; models/fields.md; models/readme.md; models/fields-auto.md; old/models.md; old/old r.md; forms/readme.md; forms/all-fields-form.md; templates/tags/quickform.md,docs/trim/forms/widgets.md
Function,trim.forms.widgets,file,Yes,README-3.md; apps.md; trim-beacon.md; markdown.md; README-4.md; theming/readme.md; urls/functions.md; urls/readme.md; models/fields.md; models/fields-auto.md; old/models.md; old/readme-short.md; forms/all-fields-form.md; views/files-up-down.md; research/trim-docs.md; research/trim more.md; research/themes.md; research/trim bundle.md; research/trim-scripts.md; templates/tags/css-js-tag.md,docs/trim/forms/widgets.md
Function,trim.forms.widgets,hidden,Yes,readme.md; widgets/hidden.md; forms/quickforms.md; forms/all-fields-form.md; templates/tags/quickform.md; frontend/js/toggle-links.md,docs/trim/forms/widgets.md
Function,trim.forms.widgets,multi_widget,No,,docs/trim/forms/widgets.md
Function,trim.forms.widgets,multiple_hidden,No,,docs/trim/forms/widgets.md
Function,trim.forms.widgets,null_boolean_select,No,,docs/trim/forms/widgets.md
Function,trim.forms.widgets,number,Yes,models/fields-auto.md,docs/trim/forms/widgets.md
Function,trim.forms.widgets,ordered_set,No,,docs/trim/forms/widgets.md
Function,trim.forms.widgets,password,Yes,forms/all-fields-form.md,docs/trim/forms/widgets.md
Function,trim.forms.widgets,radios,No,,docs/trim/forms/widgets.md
Function,trim.forms.widgets,select,Yes,research/trim-docs.md,docs/trim/forms/widgets.md
Function,trim.forms.widgets,select_date,No,,docs/trim/forms/widgets.md
Function,trim.forms.widgets,select_multiple,No,,docs/trim/forms/widgets.md
Function,trim.forms.widgets,split_date_time,No,,docs/trim/forms/widgets.md
Function,trim.forms.widgets,split_hidden_date_time,No,,docs/trim/forms/widgets.md
Function,trim.forms.widgets,text,Yes,readme.md; README-4.md; README-2.md; models/fields-auto-template.md; models/fields.md; models/readme.md; models/fields-auto.md; old/models.md; old/old r.md; old/readme-short.md; forms/quickforms.md; forms/readme.md; forms/all-fields-form.md; research/trim-beacon.md; templates/tags/css-js-tag.md; templates/tags/strings.md; templates/tags/wrap.md; templates/tags/link/readme.md; frontend/js/toggle-links.md,docs/trim/forms/widgets.md
Function,trim.forms.widgets,textarea,Yes,old/old r.md; forms/readme.md,docs/trim/forms/widgets.md
Function,trim.forms.widgets,time,Yes,README-3.md; apps.md; trim-beacon.md; README-4.md; models/fields.md; models/fields-auto.md; old/models.md; forms/all-fields-form.md; research/trim-beacon.md,docs/trim/forms/widgets.md
Function,trim.forms.widgets,url,Yes,README-3.md; account.md; README-4.md; urls/functions.md; urls/readme.md; models/fields.md; models/fields-auto.md; old/models.md; old/urls.md; old/views.md; old/old r.md; old/Custom 404.md; old/readme-short.md; forms/quickforms.md; forms/all-fields-form.md; views/list-views.md; views/files-up-down.md; recipes/todo-list.md; recipes/listview.md; research/trim-docs.md; research/trim-beacon.md; templates/tags/css-js-tag.md; templates/tags/updated-params.md; templates/tags/quickform.md; templates/tags/link/readme.md; old/urls/as_templates.md,docs/trim/forms/widgets.md
Class,trim.management.commands.gen_doc,Command,Yes,execute.md; old/notes.md; research/trim-docs.md; research/trim bundle.md; templates/tags/strings.md,docs/trim/management/commands/gen_doc.md
Class,trim.markdown.response,MarkdownDoubleTemplateResponse,No,,docs/trim/markdown/response.md
Class,trim.markdown.response,MarkdownReponseMixin,Yes,markdown.md,docs/trim/markdown/response.md
Class,trim.markdown.response,MarkdownTemplateResponse,Yes,markdown.md,docs/trim/markdown/response.md
Class,trim.markdown.response,MarkdownToMarkdownTemplateResponse,No,,docs/trim/markdown/response.md
Class,trim.markdown.response,MissingImportError,No,,docs/trim/markdown/response.md
Class,trim.merge,FileExists,No,,docs/trim/merge.md
Function,trim.merge,recombine,No,,docs/trim/merge.md
Function,trim.merge,split_i,No,,docs/trim/merge.md
Class,trim.models.auto,AutoModelMixin,Yes,models/auto_model_mixin.md,docs/trim/models/auto.md
Function,trim.models.auto,bind_mixins,No,,docs/trim/models/auto.md
Function,trim.models.auto,get_classes,No,,docs/trim/models/auto.md
Function,trim.models.auto,hook_init_model_mixins,No,,docs/trim/models/auto.md
Function,trim.models.auto,hook_model_mixin_class,No,,docs/trim/models/auto.md
Function,trim.models.auto,hook_waiting_model_mixins,No,,docs/trim/models/auto.md
Function,trim.models.base,cache_known,No,,docs/trim/models/base.md
Function,trim.models.base,get_model,Yes,models/live.md,docs/trim/models/base.md
Function,trim.models.base,grab_models,Yes,admin.md; old/views.md; old/readme-short.md,docs/trim/models/base.md
Function,trim.models.base,is_model,No,,docs/trim/models/base.md
Function,trim.models.fields.base,blank_null,Yes,models/fields-auto.md,docs/trim/models/fields/base.md
Function,trim.models.fields.base,defaults,Yes,README-3.md; theming/readme.md; models/fields-auto.md; old/slots.md; research/slots.md; research/trim-beacon.md; old/urls/as_templates.md,docs/trim/models/fields/base.md
Class,trim.models.fields.django,LazyImport,No,,docs/trim/models/fields/django.md
Function,trim.models.fields.django,add_generic_key,No,,docs/trim/models/fields/django.md
Function,trim.models.fields.django,any,Yes,README-3.md; apps.md; trim-beacon.md; account.md; readme.md; README-4.md; execute.md; README-2.md; admin.md; theming/readme.md; urls/readme.md; models/live.md; models/fields.md; models/fields-auto.md; models/auto_model_mixin.md; old/slots.md; old/views.md; forms/quickforms.md; forms/readme.md; views/list-views.md; research/trim-docs.md; research/themes.md; research/trim bundle.md; templates/tags/wrap-slots.md; templates/tags/quickform.md; templates/tags/wrap.md; templates/tags/link/readme.md; frontend/js/toggle-links.md,docs/trim/models/fields/django.md
Function,trim.models.fields.django,any_model_set,No,,docs/trim/models/fields/django.md
Function,trim.models.fields.django,auto,Yes,README-3.md; readme.md; README-4.md; README-2.md; models/fields.md; models/readme.md; models/fields-auto.md; models/auto_model_mixin.md; old/models.md; old/views.md,docs/trim/models/fields/django.md
Function,trim.models.fields.django,big_auto,Yes,models/fields.md; models/fields-auto.md; old/models.md,docs/trim/models/fields/django.md
Function,trim.models.fields.django,big_int,Yes,models/fields.md; models/fields-auto.md; old/models.md,docs/trim/models/fields/django.md
Function,trim.models.fields.django,binary,Yes,models/fields.md; models/fields-auto.md; old/models.md,docs/trim/models/fields/django.md
Function,trim.models.fields.django,blank_dt,Yes,models/fields.md; models/fields-auto.md; old/models.md,docs/trim/models/fields/django.md
Function,trim.models.fields.django,boolean,Yes,models/fields.md; models/fields-auto.md; old/models.md; old/old r.md; forms/readme.md; forms/all-fields-form.md,docs/trim/models/fields/django.md
Function,trim.models.fields.django,chars,Yes,README-4.md; README-2.md; models/fields-auto-template.md; models/fields.md; models/readme.md; models/fields-auto.md; widgets/hidden.md; old/models.md; old/views.md; old/old r.md; forms/quickforms.md; forms/readme.md; forms/all-fields-form.md; templates/tags/quickform.md; templates/tags/link/readme.md,docs/trim/models/fields/django.md
Function,trim.models.fields.django,contenttype_fk,Yes,models/fields.md; models/fields-auto.md,docs/trim/models/fields/django.md
Function,trim.models.fields.django,date,Yes,models/fields.md; models/fields-auto.md; old/models.md; old/old r.md; forms/all-fields-form.md; recipes/todo-list.md,docs/trim/models/fields/django.md
Function,trim.models.fields.django,datetime,Yes,trim-beacon.md; models/fields.md; models/fields-auto.md; old/models.md; old/old r.md; forms/all-fields-form.md; research/trim-beacon.md,docs/trim/models/fields/django.md
Function,trim.models.fields.django,decimal,Yes,models/fields.md; models/fields-auto.md; old/models.md; forms/all-fields-form.md,docs/trim/models/fields/django.md
Function,trim.models.fields.django,dt_created,Yes,models/fields.md; models/fields-auto.md; old/models.md; old/views.md,docs/trim/models/fields/django.md
Function,trim.models.fields.django,dt_cu_pair,Yes,models/fields-auto-template.md; models/fields.md; models/readme.md; models/fields-auto.md; old/old r.md,docs/trim/models/fields/django.md
Function,trim.models.fields.django,dt_updated,Yes,models/fields.md; models/fields-auto.md; old/models.md; old/views.md,docs/trim/models/fields/django.md
Function,trim.models.fields.django,duration,Yes,models/fields.md; models/fields-auto.md; old/models.md; forms/all-fields-form.md,docs/trim/models/fields/django.md
Function,trim.models.fields.django,email,Yes,account.md; README-4.md; README-2.md; models/fields-auto-template.md; models/fields.md; models/readme.md; models/fields-auto.md; old/models.md; old/old r.md; forms/readme.md; forms/all-fields-form.md; templates/tags/quickform.md,docs/trim/models/fields/django.md
Function,trim.models.fields.django,false_bool,Yes,models/fields.md; models/fields-auto.md; old/models.md,docs/trim/models/fields/django.md
Function,trim.models.fields.django,file,Yes,README-3.md; apps.md; trim-beacon.md; markdown.md; README-4.md; theming/readme.md; urls/functions.md; urls/readme.md; models/fields.md; models/fields-auto.md; old/models.md; old/readme-short.md; forms/all-fields-form.md; views/files-up-down.md; research/trim-docs.md; research/trim more.md; research/themes.md; research/trim bundle.md; research/trim-scripts.md; templates/tags/css-js-tag.md,docs/trim/models/fields/django.md
Function,trim.models.fields.django,filepath,Yes,markdown.md; models/fields.md; models/fields-auto.md; old/models.md,docs/trim/models/fields/django.md
Function,trim.models.fields.django,fk,Yes,README-3.md; README-4.md; README-2.md; models/fields.md; models/fields-auto.md; old/models.md; old/old r.md,docs/trim/models/fields/django.md
Function,trim.models.fields.django,float_,Yes,models/fields.md; models/fields-auto.md; old/models.md,docs/trim/models/fields/django.md
Function,trim.models.fields.django,generic_fk,Yes,models/fields.md; models/fields-auto.md,docs/trim/models/fields/django.md
Function,trim.models.fields.django,get_cached,No,,docs/trim/models/fields/django.md
Function,trim.models.fields.django,get_user_model,Yes,models/fields-auto.md; models/auto_model_mixin.md,docs/trim/models/fields/django.md
Function,trim.models.fields.django,image,Yes,models/fields.md; models/fields-auto.md; old/models.md; forms/all-fields-form.md; research/trim-docs.md; templates/tags/wrap-slots.md,docs/trim/models/fields/django.md
Function,trim.models.fields.django,integer,Yes,models/fields.md; models/fields-auto.md; old/models.md; forms/all-fields-form.md,docs/trim/models/fields/django.md
Function,trim.models.fields.django,ip_addr,Yes,models/fields.md; models/fields-auto.md; old/models.md,docs/trim/models/fields/django.md
Function,trim.models.fields.django,json,Yes,README-3.md; README-4.md; README-2.md; urls/functions.md; models/fields.md; models/fields-auto.md; old/models.md; old/urls.md; old/old r.md; forms/all-fields-form.md; views/readme.md; views/serialized.md; research/trim-beacon.md; research/trim bundle.md,docs/trim/models/fields/django.md
Function,trim.models.fields.django,m2m,Yes,models/fields.md; models/fields-auto.md; old/models.md,docs/trim/models/fields/django.md
Function,trim.models.fields.django,null_bool,Yes,models/fields.md; models/fields-auto.md; old/models.md,docs/trim/models/fields/django.md
Function,trim.models.fields.django,o2o,Yes,models/fields.md; models/fields-auto.md; old/models.md,docs/trim/models/fields/django.md
Function,trim.models.fields.django,pk_uuid,Yes,models/fields.md; models/fields-auto.md; old/models.md,docs/trim/models/fields/django.md
Function,trim.models.fields.django,pos_big_int,Yes,models/fields.md; models/fields-auto.md; old/models.md,docs/trim/models/fields/django.md
Function,trim.models.fields.django,pos_int,Yes,models/fields.md; models/fields-auto.md; old/models.md,docs/trim/models/fields/django.md
Function,trim.models.fields.django,pos_small_int,Yes,models/fields.md; models/fields-auto.md; old/models.md,docs/trim/models/fields/django.md
Function,trim.models.fields.django,rand_str,Yes,models/fields-auto.md,docs/trim/models/fields/django.md
Function,trim.models.fields.django,self_fk,Yes,models/fields.md; models/fields-auto.md,docs/trim/models/fields/django.md
Function,trim.models.fields.django,self_m2m,Yes,models/fields.md; models/fields-auto.md,docs/trim/models/fields/django.md
Function,trim.models.fields.django,slug,Yes,urls/readme.md; models/fields.md; models/fields-auto.md; old/models.md; forms/quickforms.md; forms/all-fields-form.md; research/trim-docs.md,docs/trim/models/fields/django.md
Function,trim.models.fields.django,small_auto,Yes,models/fields.md; models/fields-auto.md; old/models.md,docs/trim/models/fields/django.md
Function,trim.models.fields.django,small_int,Yes,models/fields.md; models/fields-auto.md; old/models.md,docs/trim/models/fields/django.md
Function,trim.models.fields.django,str_uuid,Yes,models/fields-auto.md,docs/trim/models/fields/django.md
Function,trim.models.fields.django,text,Yes,readme.md; README-4.md; README-2.md; models/fields-auto-template.md; models/fields.md; models/readme.md; models/fields-auto.md; old/models.md; old/old r.md; old/readme-short.md; forms/quickforms.md; forms/readme.md; forms/all-fields-form.md; research/trim-beacon.md; templates/tags/css-js-tag.md; templates/tags/strings.md; templates/tags/wrap.md; templates/tags/link/readme.md; frontend/js/toggle-links.md,docs/trim/models/fields/django.md
Function,trim.models.fields.django,time,Yes,README-3.md; apps.md; trim-beacon.md; README-4.md; models/fields.md; models/fields-auto.md; old/models.md; forms/all-fields-form.md; research/trim-beacon.md,docs/trim/models/fields/django.md
Function,trim.models.fields.django,true_bool,Yes,models/fields.md; models/fields-auto.md; old/models.md,docs/trim/models/fields/django.md
Function,trim.models.fields.django,url,Yes,README-3.md; account.md; README-4.md; urls/functions.md; urls/readme.md; models/fields.md; models/fields-auto.md; old/models.md; old/urls.md; old/views.md; old/old r.md; old/Custom 404.md; old/readme-short.md; forms/quickforms.md; forms/all-fields-form.md; views/list-views.md; views/files-up-down.md; recipes/todo-list.md; recipes/listview.md; research/trim-docs.md; research/trim-beacon.md; templates/tags/css-js-tag.md; templates/tags/updated-params.md; templates/tags/quickform.md; templates/tags/link/readme.md; old/urls/as_templates.md,docs/trim/models/fields/django.md
Function,trim.models.fields.django,user_fk,Yes,models/fields-auto-template.md; models/fields.md; models/readme.md; models/fields-auto.md; old/models.md; old/old r.md; templates/tags/link/readme.md,docs/trim/models/fields/django.md
Function,trim.models.fields.django,user_m2m,Yes,models/fields-auto.md; old/views.md,docs/trim/models/fields/django.md
Function,trim.models.fields.django,user_o2o,Yes,models/fields.md; models/fields-auto.md; old/models.md,docs/trim/models/fields/django.md
Function,trim.models.fields.django,uuid,Yes,models/fields.md; models/fields-auto.md; old/models.md; forms/all-fields-form.md; views/files-up-down.md,docs/trim/models/fields/django.md
Function,trim.models.fields.django,uuid_null,Yes,models/fields.md; models/fields-auto.md; old/models.md,docs/trim/models/fields/django.md
Function,trim.models.fields.wagtail,image_fk,No,,docs/trim/models/fields/wagtail.md
Function,trim.models.fields.wagtail,streamfield,No,,docs/trim/models/fields/wagtail.md
Class,trim.models.live,MagicModelApp,Yes,models/live.md,docs/trim/models/live.md
Class,trim.models.live,MagicModelModel,Yes,models/live.md,docs/trim/models/live.md
Function,trim.models.panels.wagtail,field,Yes,README-3.md; trim-beacon.md; markdown.md; readme.md; README-4.md; README-2.md; models/fields-auto-template.md; models/fields.md; models/readme.md; models/fields-auto.md; models/auto_model_mixin.md; widgets/hidden.md; old/old r.md; forms/quickforms.md; forms/readme.md; forms/all-fields-form.md; views/list-views.md; views/authed-views.md; research/trim more.md; templates/tags/quickform.md,docs/trim/models/panels/wagtail.md
Function,trim.models.panels.wagtail,image,Yes,models/fields.md; models/fields-auto.md; old/models.md; forms/all-fields-form.md; research/trim-docs.md; templates/tags/wrap-slots.md,docs/trim/models/panels/wagtail.md
Function,trim.models.panels.wagtail,inline,Yes,research/trim-scripts.md; templates/tags/link/readme.md,docs/trim/models/panels/wagtail.md
Function,trim.models.panels.wagtail,snippet,No,,docs/trim/models/panels/wagtail.md
Function,trim.models.panels.wagtail,streamfield,No,,docs/trim/models/panels/wagtail.md
Function,trim.names,crud,Yes,views.md; old/views.md; recipes/basic-page.md; templates/tags/wrap.md,docs/trim/names.md
Function,trim.names,get_mapped_name,No,,docs/trim/names.md
Function,trim.names,get_url,No,,docs/trim/names.md
Function,trim.names,history,Yes,views.md; old/views.md,docs/trim/names.md
Function,trim.names,render_defaults,No,,docs/trim/names.md
Function,trim.names,tidy_enforcements,No,,docs/trim/names.md
Function,trim.oven,cook,No,,docs/trim/oven.md
Class,trim.perms,EasyPermissionString,No,,docs/trim/perms.md
Class,trim.perms,SlofTuple,No,,docs/trim/perms.md
Function,trim.perms,test,Yes,views/authed-views.md; research/trim more.md; templates/tags/wrap.md,docs/trim/perms.md
Function,trim.rand,rand_str,Yes,models/fields-auto.md,docs/trim/rand.md
Function,trim.response,content_data_response,No,,docs/trim/response.md
Function,trim.response,content_type_response,No,,docs/trim/response.md
Function,trim.signals,model_pre_init,No,,docs/trim/signals.md
Function,trim.signals,repr_printer,No,,docs/trim/signals.md
Function,trim.signals,str_printer,No,,docs/trim/signals.md
Function,trim.strings,bytes_to_hex,No,,docs/trim/strings.md
Function,trim.strings,str_to_hex,No,,docs/trim/strings.md
Class,trim.templates.trim.upload.upload,AssetMixin,No,,docs/trim/templates/trim/upload/upload.md
Class,trim.templates.trim.upload.upload,MergeAssetView,Yes,views/files-up-down.md,docs/trim/templates/trim/upload/upload.md
Class,trim.templates.trim.upload.upload,UploadAssetSuccessView,Yes,views/files-up-down.md,docs/trim/templates/trim/upload/upload.md
Class,trim.templates.trim.upload.upload,UploadAssetView,Yes,views/files-up-down.md,docs/trim/templates/trim/upload/upload.md
Class,trim.templates.trim.upload.upload,UploadChunkView,Yes,views/files-up-down.md,docs/trim/templates/trim/upload/upload.md
Function,trim.templates.trim.upload.upload,get_cache,No,,docs/trim/templates/trim/upload/upload.md
Function,trim.templates.trim.upload.upload,unlink_dir_files,No,,docs/trim/templates/trim/upload/upload.md
Function,trim.templates.trim.upload.upload,verify_file,No,,docs/trim/templates/trim/upload/upload.md
Function,trim.templatetags.datetime,localize_timedelta,No,,docs/trim/templatetags/datetime.md
Function,trim.templatetags.datetime,str_timedelta_tag,No,,docs/trim/templatetags/datetime.md
Function,trim.templatetags.datetime,timedelta_tag,No,,docs/trim/templatetags/datetime.md
Function,trim.templatetags.functional,functional,Yes,README-3.md; readme.md; README-4.md; README-2.md; old/old r.md; research/trim-docs.md,docs/trim/templatetags/functional.md
Class,trim.templatetags.link,ShadowDict,No,,docs/trim/templatetags/link.md
Function,trim.templatetags.link,abs_link,No,,docs/trim/templatetags/link.md
Function,trim.templatetags.link,css_link,No,,docs/trim/templatetags/link.md
Function,trim.templatetags.link,gen_link,No,,docs/trim/templatetags/link.md
Function,trim.templatetags.link,link,Yes,README-3.md; apps.md; readme.md; README-4.md; README-2.md; recipes/listview.md; research/trim-docs.md; templates/tags/css-js-tag.md; templates/tags/updated-params.md; templates/tags/link/readme.md; frontend/js/toggle-links.md,docs/trim/templatetags/link.md
Function,trim.templatetags.link,link_info,No,,docs/trim/templatetags/link.md
Function,trim.templatetags.link,new_link,No,,docs/trim/templatetags/link.md
Function,trim.templatetags.link,new_url_link,No,,docs/trim/templatetags/link.md
Function,trim.templatetags.link,script_link,No,,docs/trim/templatetags/link.md
Function,trim.templatetags.link,url_link,No,,docs/trim/templatetags/link.md
Class,trim.templatetags.markdown,IncludeNode,No,,docs/trim/templatetags/markdown.md
Class,trim.templatetags.markdown,MarkdownContentNode,No,,docs/trim/templatetags/markdown.md
Function,trim.templatetags.markdown,do_markdown_file,No,,docs/trim/templatetags/markdown.md
Function,trim.templatetags.markdown,do_slot,Yes,old/slots.md,docs/trim/templatetags/markdown.md
Function,trim.templatetags.markdown,get_file_contents,No,,docs/trim/templatetags/markdown.md
Function,trim.templatetags.markdown,get_markdown_object,No,,docs/trim/templatetags/markdown.md
Function,trim.templatetags.markdown,src_code_content_template,No,,docs/trim/templatetags/markdown.md
Function,trim.templatetags.markdown,src_code_content_text,No,,docs/trim/templatetags/markdown.md
Function,trim.templatetags.quickforms,quickform,Yes,README-3.md; readme.md; README-4.md; README-2.md; forms/quickforms.md; forms/readme.md; templates/tags/quickform.md; templates/tags/wrap.md,docs/trim/templatetags/quickforms.md
Function,trim.templatetags.quickforms,quickform_template,No,,docs/trim/templatetags/quickforms.md
Function,trim.templatetags.shared_tools,extract_with_statement,No,,docs/trim/templatetags/shared_tools.md
Function,trim.templatetags.shared_tools,parse_tag,No,,docs/trim/templatetags/shared_tools.md
Function,trim.templatetags.shared_tools,parse_until,No,,docs/trim/templatetags/shared_tools.md
Class,trim.templatetags.slots.base,SlotList,Yes,old/slots.md,docs/trim/templatetags/slots/base.md
Function,trim.templatetags.slots.base,inject_node,No,,docs/trim/templatetags/slots/base.md
Function,trim.templatetags.slots.base,parse_until,No,,docs/trim/templatetags/slots/base.md
Class,trim.templatetags.slots.slot_node,DefineSlotNode,Yes,old/slots.md,docs/trim/templatetags/slots/slot_node.md
Class,trim.templatetags.slots.slot_node,SlotNode,Yes,old/slots.md,docs/trim/templatetags/slots/slot_node.md
Function,trim.templatetags.slots.slot_node,do_define_slot,Yes,old/slots.md,docs/trim/templatetags/slots/slot_node.md
Function,trim.templatetags.slots.slot_node,do_slot,Yes,old/slots.md,docs/trim/templatetags/slots/slot_node.md
Function,trim.templatetags.slots.slot_node,slot_into_parent,No,,docs/trim/templatetags/slots/slot_node.md
Class,trim.templatetags.slots.wrap_node,WrappedContentNode,No,,docs/trim/templatetags/slots/wrap_node.md
Function,trim.templatetags.slots.wrap_node,do_wrap,Yes,old/slots.md,docs/trim/templatetags/slots/wrap_node.md
Function,trim.templatetags.stock,stockcount_product,No,,docs/trim/templatetags/stock.md
Function,trim.templatetags.strings,str_merge,Yes,templates/tags/strings.md,docs/trim/templatetags/strings.md
Class,trim.templatetags.trim,SlotNode,Yes,old/slots.md,docs/trim/templatetags/trim.md
Class,trim.templatetags.trim,WrappedContentNode,No,,docs/trim/templatetags/trim.md
Function,trim.templatetags.trim,do_slot,Yes,old/slots.md,docs/trim/templatetags/trim.md
Function,trim.templatetags.trim,do_wrap,Yes,old/slots.md,docs/trim/templatetags/trim.md
Function,trim.templatetags.trim,inject_node,No,,docs/trim/templatetags/trim.md
Function,trim.templatetags.trim,parse_until,No,,docs/trim/templatetags/trim.md
Class,trim.templatetags.trim_slots,SlotNode,Yes,old/slots.md,docs/trim/templatetags/trim_slots.md
Class,trim.templatetags.trim_slots,WrappedContentNode,No,,docs/trim/templatetags/trim_slots.md
Function,trim.templatetags.trim_slots,do_slot,Yes,old/slots.md,docs/trim/templatetags/trim_slots.md
Function,trim.templatetags.trim_slots,do_wrap,Yes,old/slots.md,docs/trim/templatetags/trim_slots.md
Function,trim.templatetags.trim_slots,inject_node,No,,docs/trim/templatetags/trim_slots.md
Function,trim.templatetags.updated_params,updated_params,Yes,templates/tags/updated-params.md,docs/trim/templatetags/updated_params.md
Class,trim.theming.apps,ThemingConfig,No,,docs/trim/theming/apps.md
Function,trim.theming.config,get_theme_map,No,,docs/trim/theming/config.md
Function,trim.theming.config,install,Yes,README-3.md; account.md; README-4.md; README-2.md; theming/readme.md; urls/functions.md; old/notes.md; research/themes.md; research/trim bundle.md; research/trim-scripts.md; frontend/js/toggle-links.md,docs/trim/theming/config.md
Function,trim.theming.config,name_default_redirect,Yes,theming/readme.md; research/themes.md,docs/trim/theming/config.md
Function,trim.theming.config,name_redirect,No,,docs/trim/theming/config.md
Function,trim.theming.config,set_ready_map,No,,docs/trim/theming/config.md
Function,trim.theming.config,theme_option,No,,docs/trim/theming/config.md
Class,trim.theming.context,NoThemingTemplateFound,No,,docs/trim/theming/context.md
Class,trim.theming.context,Theming,Yes,readme.md; theming/readme.md; recipes/listview.md; research/themes.md,docs/trim/theming/context.md
Function,trim.theming.context,build_default_themer,No,,docs/trim/theming/context.md
Function,trim.theming.context,find_template,No,,docs/trim/theming/context.md
Function,trim.theming.context,magic_strings,No,,docs/trim/theming/context.md
Class,trim.theming.templatetags.theming,ThemeExtendsNode,No,,docs/trim/theming/templatetags/theming.md
Function,trim.theming.templatetags.theming,do_theme_extends,No,,docs/trim/theming/templatetags/theming.md
Function,trim.theming.templatetags.theming,get_attr,No,,docs/trim/theming/templatetags/theming.md
Function,trim.theming.templatetags.theming,theme_string,No,,docs/trim/theming/templatetags/theming.md
Function,trim.urls,absolute_reverse,Yes,urls/functions.md; urls/readme.md,docs/trim/urls.md
Function,trim.urls,absolutify,Yes,urls/functions.md; urls/readme.md,docs/trim/urls.md
Function,trim.urls,as_templates,Yes,urls/functions.md; urls/readme.md; old/urls.md; old/views.md; old/urls/as_templates.md,docs/trim/urls.md
Function,trim.urls,clean_str,No,,docs/trim/urls.md
Function,trim.urls,error_handlers,Yes,urls/functions.md,docs/trim/urls.md
Function,trim.urls,favicon_path,Yes,urls/functions.md; urls/readme.md,docs/trim/urls.md
Function,trim.urls,index,Yes,apps.md; markdown.md; admin.md; urls/functions.md; old/urls.md; old/old r.md; research/trim-docs.md; research/trim-beacon.md; research/trim bundle.md; old/urls/path_include.md,docs/trim/urls.md
Function,trim.urls,path_include,Yes,account.md; urls/functions.md; urls/readme.md; old/urls/path_include.md,docs/trim/urls.md
Function,trim.urls,path_includes,Yes,account.md; urls/functions.md; urls/readme.md; old/old r.md; old/urls/path_include.md,docs/trim/urls.md
Function,trim.urls,path_includes_pair,Yes,urls/functions.md; urls/readme.md,docs/trim/urls.md
Function,trim.urls,path_urls,No,,docs/trim/urls.md
Function,trim.urls,paths,Yes,README-3.md; markdown.md; README-4.md; theming/readme.md; urls/functions.md; urls/readme.md; old/urls.md; old/readme-short.md; views/files-up-down.md; templates/tags/quickform.md,docs/trim/urls.md
Function,trim.urls,paths_default,Yes,old/views.md,docs/trim/urls.md
Function,trim.urls,paths_dict,Yes,urls/functions.md; urls/readme.md; old/urls.md; old/old r.md; old/readme-short.md; forms/quickforms.md; recipes/listview.md; templates/tags/quickform.md,docs/trim/urls.md
Function,trim.urls,paths_less,No,,docs/trim/urls.md
Function,trim.urls,paths_named,Yes,README-3.md; README-4.md; urls/functions.md; urls/readme.md; old/old r.md; views/files-up-down.md,docs/trim/urls.md
Function,trim.urls,paths_tuple,Yes,urls/functions.md; old/urls.md,docs/trim/urls.md
Function,trim.urls,static_redirect_path,No,,docs/trim/urls.md
Function,trim.urls,template_view,Yes,urls/functions.md; urls/readme.md,docs/trim/urls.md
Class,trim.views.auth,IsStaffMixin,Yes,views.md; views/authed-views.md; views/readme.md,docs/trim/views/auth.md
Class,trim.views.auth,MissingField,No,,docs/trim/views/auth.md
Class,trim.views.auth,UserOwnedMixin,Yes,views/authed-views.md; views/readme.md,docs/trim/views/auth.md
Function,trim.views.auth,is_staff_or_admin,No,,docs/trim/views/auth.md
Class,trim.views.base,ShortMixin,No,,docs/trim/views/base.md
Function,trim.views.base,copy_update,No,,docs/trim/views/base.md
Function,trim.views.base,create_class_slot,No,,docs/trim/views/base.md
Function,trim.views.base,crud,Yes,views.md; old/views.md; recipes/basic-page.md; templates/tags/wrap.md,docs/trim/views/base.md
Function,trim.views.base,crud_classes,Yes,views.md; old/views.md; old/readme-short.md,docs/trim/views/base.md
Function,trim.views.base,discover_models,No,,docs/trim/views/base.md
Function,trim.views.base,ensure_tuple,No,,docs/trim/views/base.md
Function,trim.views.base,extract_location,No,,docs/trim/views/base.md
Function,trim.views.base,first_bit,No,,docs/trim/views/base.md
Function,trim.views.base,gen_class,No,,docs/trim/views/base.md
Function,trim.views.base,gen_packed_views,No,,docs/trim/views/base.md
Function,trim.views.base,gen_thin_packs,No,,docs/trim/views/base.md
Function,trim.views.base,history,Yes,views.md; old/views.md,docs/trim/views/base.md
Function,trim.views.base,history_classes,Yes,old/views.md,docs/trim/views/base.md
Function,trim.views.base,thin_parts_gen,No,,docs/trim/views/base.md
Class,trim.views.download,RangeFileWrapper,No,,docs/trim/views/download.md
Function,trim.views.download,stream,Yes,readme.md; execute.md; views/files-up-down.md; research/trim bundle.md,docs/trim/views/download.md
Function,trim.views.download,streamfile_response,Yes,views/files-up-down.md,docs/trim/views/download.md
Function,trim.views.errors.__init__,handler400,No,,docs/trim/views/errors/__init__.md
Function,trim.views.errors.__init__,handler403,No,,docs/trim/views/errors/__init__.md
Function,trim.views.errors.__init__,handler404,No,,docs/trim/views/errors/__init__.md
Function,trim.views.errors.__init__,handler500,No,,docs/trim/views/errors/__init__.md
Class,trim.views.errors.custom404,Custom404,Yes,old/Custom 404.md,docs/trim/views/errors/custom404.md
Class,trim.views.errors.custom404,Custom404TemplateView,No,,docs/trim/views/errors/custom404.md
Class,trim.views.errors.custom404,Missing404RedirectUrl,Yes,old/Custom 404.md,docs/trim/views/errors/custom404.md
Class,trim.views.list,OrderPaginatedListView,Yes,views/list-views.md,docs/trim/views/list.md
Class,trim.views.serialized,JSONListResponseMixin,No,,docs/trim/views/serialized.md
Class,trim.views.serialized,JSONResponseMixin,No,,docs/trim/views/serialized.md
Class,trim.views.serialized,JsonDetailView,Yes,views/serialized.md,docs/trim/views/serialized.md
Class,trim.views.serialized,JsonListView,Yes,views/serialized.md,docs/trim/views/serialized.md
Class,trim.views.serialized,JsonSerializer,No,,docs/trim/views/serialized.md
Class,trim.views.serialized,JsonView,Yes,views/serialized.md,docs/trim/views/serialized.md
Class,trim.views.upload,AssetMixin,No,,docs/trim/views/upload.md
Class,trim.views.upload,MergeAssetView,Yes,views/files-up-down.md,docs/trim/views/upload.md
Class,trim.views.upload,UploadAssetSuccessView,Yes,views/files-up-down.md,docs/trim/views/upload.md
Class,trim.views.upload,UploadAssetView,Yes,views/files-up-down.md,docs/trim/views/upload.md
Class,trim.views.upload,UploadChunkView,Yes,views/files-up-down.md,docs/trim/views/upload.md
Function,trim.views.upload,get_cache,No,,docs/trim/views/upload.md
Function,trim.views.upload,unlink_dir_files,No,,docs/trim/views/upload.md
Function,trim.views.upload,verify_file,No,,docs/trim/views/upload.md
Function,trim.wagtail.blocks,api_field,No,,docs/trim/wagtail/blocks.md
Function,trim.wagtail.blocks,blockquote,No,,docs/trim/wagtail/blocks.md
Function,trim.wagtail.blocks,boolean,Yes,models/fields.md; models/fields-auto.md; old/models.md; old/old r.md; forms/readme.md; forms/all-fields-form.md,docs/trim/wagtail/blocks.md
Function,trim.wagtail.blocks,chars,Yes,README-4.md; README-2.md; models/fields-auto-template.md; models/fields.md; models/readme.md; models/fields-auto.md; widgets/hidden.md; old/models.md; old/views.md; old/old r.md; forms/quickforms.md; forms/readme.md; forms/all-fields-form.md; templates/tags/quickform.md; templates/tags/link/readme.md,docs/trim/wagtail/blocks.md
Function,trim.wagtail.blocks,choice,Yes,execute.md; forms/all-fields-form.md; templates/tags/link/readme.md,docs/trim/wagtail/blocks.md
Function,trim.wagtail.blocks,date,Yes,models/fields.md; models/fields-auto.md; old/models.md; old/old r.md; forms/all-fields-form.md; recipes/todo-list.md,docs/trim/wagtail/blocks.md
Function,trim.wagtail.blocks,datetime,Yes,trim-beacon.md; models/fields.md; models/fields-auto.md; old/models.md; old/old r.md; forms/all-fields-form.md; research/trim-beacon.md,docs/trim/wagtail/blocks.md
Function,trim.wagtail.blocks,decimal,Yes,models/fields.md; models/fields-auto.md; old/models.md; forms/all-fields-form.md,docs/trim/wagtail/blocks.md
Function,trim.wagtail.blocks,documentchooser,No,,docs/trim/wagtail/blocks.md
Function,trim.wagtail.blocks,email,Yes,account.md; README-4.md; README-2.md; models/fields-auto-template.md; models/fields.md; models/readme.md; models/fields-auto.md; old/models.md; old/old r.md; forms/readme.md; forms/all-fields-form.md; templates/tags/quickform.md,docs/trim/wagtail/blocks.md
Function,trim.wagtail.blocks,embed,No,,docs/trim/wagtail/blocks.md
Function,trim.wagtail.blocks,field_panel,No,,docs/trim/wagtail/blocks.md
Function,trim.wagtail.blocks,float_,Yes,models/fields.md; models/fields-auto.md; old/models.md,docs/trim/wagtail/blocks.md
Function,trim.wagtail.blocks,imagechooser,No,,docs/trim/wagtail/blocks.md
Function,trim.wagtail.blocks,integer,Yes,models/fields.md; models/fields-auto.md; old/models.md; forms/all-fields-form.md,docs/trim/wagtail/blocks.md
Function,trim.wagtail.blocks,list_,No,,docs/trim/wagtail/blocks.md
Function,trim.wagtail.blocks,multiplechoice,No,,docs/trim/wagtail/blocks.md
Function,trim.wagtail.blocks,pagechooser,No,,docs/trim/wagtail/blocks.md
Function,trim.wagtail.blocks,rawhtml,No,,docs/trim/wagtail/blocks.md
Function,trim.wagtail.blocks,regex,Yes,forms/all-fields-form.md; research/trim-docs.md,docs/trim/wagtail/blocks.md
Function,trim.wagtail.blocks,richtext,No,,docs/trim/wagtail/blocks.md
Function,trim.wagtail.blocks,snippetchooser,No,,docs/trim/wagtail/blocks.md
Function,trim.wagtail.blocks,static,Yes,theming/readme.md; frontend/readme.md; urls/functions.md; urls/readme.md; templates/tags/css-js-tag.md; frontend/js/toggle-links.md,docs/trim/wagtail/blocks.md
Function,trim.wagtail.blocks,stream,Yes,readme.md; execute.md; views/files-up-down.md; research/trim bundle.md,docs/trim/wagtail/blocks.md
Function,trim.wagtail.blocks,struct,No,,docs/trim/wagtail/blocks.md
Function,trim.wagtail.blocks,text,Yes,readme.md; README-4.md; README-2.md; models/fields-auto-template.md; models/fields.md; models/readme.md; models/fields-auto.md; old/models.md; old/old r.md; old/readme-short.md; forms/quickforms.md; forms/readme.md; forms/all-fields-form.md; research/trim-beacon.md; templates/tags/css-js-tag.md; templates/tags/strings.md; templates/tags/wrap.md; templates/tags/link/readme.md; frontend/js/toggle-links.md,docs/trim/wagtail/blocks.md
Function,trim.wagtail.blocks,time,Yes,README-3.md; apps.md; trim-beacon.md; README-4.md; models/fields.md; models/fields-auto.md; old/models.md; forms/all-fields-form.md; research/trim-beacon.md,docs/trim/wagtail/blocks.md
Function,trim.wagtail.blocks,url,Yes,README-3.md; account.md; README-4.md; urls/functions.md; urls/readme.md; models/fields.md; models/fields-auto.md; old/models.md; old/urls.md; old/views.md; old/old r.md; old/Custom 404.md; old/readme-short.md; forms/quickforms.md; forms/all-fields-form.md; views/list-views.md; views/files-up-down.md; recipes/todo-list.md; recipes/listview.md; research/trim-docs.md; research/trim-beacon.md; templates/tags/css-js-tag.md; templates/tags/updated-params.md; templates/tags/quickform.md; templates/tags/link/readme.md; old/urls/as_templates.md,docs/trim/wagtail/blocks.md
Class,trim.wagtail.markdown,LinkStructValue,No,,docs/trim/wagtail/markdown.md
Class,trim.wagtail.markdown,MarkdownBlock,No,,docs/trim/wagtail/markdown.md
Class,trim.wagtail.markdown,Styles,No,,docs/trim/wagtail/markdown.md
Class,trim.wagtail.streamfield,HeadingBlock,No,,docs/trim/wagtail/streamfield.md
Class,trim.wagtail.streamfield,RichTextBlock,No,,docs/trim/wagtail/streamfield.md
Class,trim.wagtail.streamfield,TabbedStructBlock,No,,docs/trim/wagtail/streamfield.md
Function,trim.wagtail.streamfield,as_api_fields,No,,docs/trim/wagtail/streamfield.md
Function,trim.wagtail.streamfield,as_fieldpanel_list,No,,docs/trim/wagtail/streamfield.md
Function,trim.wagtail.streamfield,get_fields,No,,docs/trim/wagtail/streamfield.md
Function,trim.wagtail.streamfield,pre_install_global_block,No,,docs/trim/wagtail/streamfield.md
Function,trim.wagtail.streamfield,prepared_streamfield,No,,docs/trim/wagtail/streamfield.md
Class,trim.wagtail.views.generic,StructuredPage,No,,docs/trim/wagtail/views/generic.md
